-- EraExpansion
-- Author: Gabriel2
-- DateCreated: 7/9/2021 6:48:44 PM
--------------------------------------------------------------

--Requirement Sets
INSERT INTO Requirements 
		(RequirementId,						RequirementType,							Inverse) 
VALUES	('GAME_AT_POST_CLASSICAL_ERA',		'REQUIREMENT_GAME_ERA_IS',			0);

INSERT INTO RequirementArguments 
		(RequirementId,						Name,		Value) 
VALUES	('GAME_AT_POST_CLASSICAL_ERA',		'EraType',	'ERA_6T_POST_CLASSICAL');

INSERT INTO RequirementSets 
		(RequirementSetId,						RequirementSetType) 
VALUES	('HIGH_DIFFICULTY_AI_POST_CLASSICAL',	'REQUIREMENTSET_TEST_ALL');

INSERT INTO RequirementSetRequirements 
		(RequirementSetId,						RequirementId) 
VALUES	('HIGH_DIFFICULTY_AI_POST_CLASSICAL',	'REQUIRES_PLAYER_IS_AI'),
		('HIGH_DIFFICULTY_AI_POST_CLASSICAL',	'REQUIRES_HIGH_DIFFICULTY'),
		('HIGH_DIFFICULTY_AI_POST_CLASSICAL',	'GAME_AT_POST_CLASSICAL_ERA');

--Modifiers
INSERT INTO Modifiers 
		(ModifierId,						ModifierType,											OwnerRequirementSetId) 
VALUES	('SCIENCE_SCALING_POST_CLASSICAL',	'MODIFIER_PLAYER_CITIES_ADJUST_CITY_YIELD_MODIFIER',	'HIGH_DIFFICULTY_AI_POST_CLASSICAL'),
		('CULTURE_SCALING_POST_CLASSICAL',	'MODIFIER_PLAYER_CITIES_ADJUST_CITY_YIELD_MODIFIER',	'HIGH_DIFFICULTY_AI_POST_CLASSICAL'),
		('FAITH_SCALING_POST_CLASSICAL',		'MODIFIER_PLAYER_CITIES_ADJUST_CITY_YIELD_MODIFIER',	'HIGH_DIFFICULTY_AI_POST_CLASSICAL'),
		('PRODUCTION_SCALING_POST_CLASSICAL',	'MODIFIER_PLAYER_CITIES_ADJUST_CITY_YIELD_MODIFIER',	'HIGH_DIFFICULTY_AI_POST_CLASSICAL'),
		('GOLD_SCALING_POST_CLASSICAL',		'MODIFIER_PLAYER_CITIES_ADJUST_CITY_YIELD_MODIFIER',	'HIGH_DIFFICULTY_AI_POST_CLASSICAL'),
		('FOOD_SCALING_POST_CLASSICAL',		'MODIFIER_PLAYER_CITIES_ADJUST_CITY_YIELD_MODIFIER',	'HIGH_DIFFICULTY_AI_POST_CLASSICAL');

INSERT INTO TraitModifiers 
		(TraitType,						ModifierId) 
VALUES	('TRAIT_LEADER_MAJOR_CIV',		'SCIENCE_SCALING_POST_CLASSICAL'),
		('TRAIT_LEADER_MAJOR_CIV',		'CULTURE_SCALING_POST_CLASSICAL'),
		('TRAIT_LEADER_MAJOR_CIV',		'FAITH_SCALING_POST_CLASSICAL'),
		('TRAIT_LEADER_MAJOR_CIV',		'PRODUCTION_SCALING_POST_CLASSICAL'),
		('TRAIT_LEADER_MAJOR_CIV',		'GOLD_SCALING_POST_CLASSICAL'),
		('TRAIT_LEADER_MAJOR_CIV',		'FOOD_SCALING_POST_CLASSICAL');

INSERT INTO ModifierArguments 
		(ModifierId,							Name,			Value) 
VALUES	('SCIENCE_SCALING_POST_CLASSICAL',		'YieldType',	'YIELD_SCIENCE'),
		('CULTURE_SCALING_POST_CLASSICAL',		'YieldType',	'YIELD_CULTURE'),
		('FAITH_SCALING_POST_CLASSICAL',		'YieldType',	'YIELD_FAITH'),
		('PRODUCTION_SCALING_POST_CLASSICAL',	'YieldType',	'YIELD_PRODUCTION'),
		('GOLD_SCALING_POST_CLASSICAL',			'YieldType',	'YIELD_GOLD'),
		('FOOD_SCALING_POST_CLASSICAL',			'YieldType',	'YIELD_FOOD');


INSERT INTO ModifierArguments 
		(ModifierId,							Name,		Type,								Value,	Extra) 
VALUES	('SCIENCE_SCALING_POST_CLASSICAL',		'Amount',	'LinearScaleFromDefaultHandicap',	0,		1),
		('CULTURE_SCALING_POST_CLASSICAL',		'Amount',	'LinearScaleFromDefaultHandicap',	0,		1),
		('FAITH_SCALING_POST_CLASSICAL',		'Amount',	'LinearScaleFromDefaultHandicap',	0,		1),
		('PRODUCTION_SCALING_POST_CLASSICAL',	'Amount',	'LinearScaleFromDefaultHandicap',	2,		2),
		('GOLD_SCALING_POST_CLASSICAL',			'Amount',	'LinearScaleFromDefaultHandicap',	2,		2),
		('FOOD_SCALING_POST_CLASSICAL',			'Amount',	'LinearScaleFromDefaultHandicap',	-1,		1);
