-- Adding amenities to cities From Classical to Modern
INSERT INTO TraitModifiers 
		(TraitType,					ModifierId) 
VALUES	('TRAIT_LEADER_MAJOR_CIV',	'EMPEROR_AMENITY'),
		('TRAIT_LEADER_MAJOR_CIV',	'IMMORTAL_AMENITY'),
		('TRAIT_LEADER_MAJOR_CIV',	'DEITY_AMENITY');

INSERT INTO Modifiers 
		(ModifierId,			ModifierType,										OwnerRequirementSetId) 
VALUES	('EMPEROR_AMENITY',		'MODIFIER_PLAYER_CITIES_ADJUST_POLICY_AMENITY',		'EMPEROR_AND_INDUSTRIAL'),
		('IMMORTAL_AMENITY',	'MODIFIER_PLAYER_CITIES_ADJUST_POLICY_AMENITY',		'IMMORTAL_AND_RENAISSANCE'),
		('DEITY_AMENITY',		'MODIFIER_PLAYER_CITIES_ADJUST_POLICY_AMENITY',		'DEITY_AND_MEDIEVAL');

INSERT INTO ModifierArguments 
		(ModifierId,			Name,		Value) 
VALUES	('EMPEROR_AMENITY',		'Amount',	1),
		('IMMORTAL_AMENITY',	'Amount',	1),
		('DEITY_AMENITY',		'Amount',	1);

--Requirement Sets
INSERT INTO RequirementSets 
		(RequirementSetId,				RequirementSetType) 
VALUES	('EMPEROR_AND_INDUSTRIAL',		'REQUIREMENTSET_TEST_ALL'),
		('IMMORTAL_AND_RENAISSANCE',	'REQUIREMENTSET_TEST_ALL'),
		('DEITY_AND_MEDIEVAL',			'REQUIREMENTSET_TEST_ALL');

INSERT INTO RequirementSetRequirements 
		(RequirementSetId,				RequirementId) 
VALUES	('EMPEROR_AND_INDUSTRIAL',		'REQUIRES_PLAYER_IS_AI'),
		('EMPEROR_AND_INDUSTRIAL',		'REQUIRES_EMPEROR'),
		('EMPEROR_AND_INDUSTRIAL',		'PLAYER_AT_INDUSTRIAL_ERA'),
		('IMMORTAL_AND_RENAISSANCE',	'REQUIRES_PLAYER_IS_AI'),
		('IMMORTAL_AND_RENAISSANCE',	'REQUIRES_IMMORTAL'),
		('IMMORTAL_AND_RENAISSANCE',	'PLAYER_AT_RENAISSANCE_ERA'),
		('DEITY_AND_MEDIEVAL',			'REQUIRES_PLAYER_IS_AI'),
		('DEITY_AND_MEDIEVAL',			'REQUIRES_DEITY'),
		('DEITY_AND_MEDIEVAL',			'PLAYER_AT_MEDIEVAL_ERA');