-- Immortal+ gives +1 combat at atomic
-- Deity also gives +1 combat at Medieval
INSERT INTO TraitModifiers 
		(TraitType,					ModifierId) 
VALUES	('TRAIT_LEADER_MAJOR_CIV', 'IMMORTAL_ERA_1'),
		('TRAIT_LEADER_MAJOR_CIV', 'DEITY_ERA_1'),
		('TRAIT_LEADER_MAJOR_CIV', 'DEITY_ERA_2');

INSERT INTO Modifiers 
		(ModifierId,			ModifierType,										OwnerRequirementSetId) 
VALUES	('IMMORTAL_ERA_1',		'MODIFIER_PLAYER_UNITS_ADJUST_COMBAT_DIFFICULTY',	'ATOMIC_AND_IMMORTAL_ONLY'),
		('DEITY_ERA_1',			'MODIFIER_PLAYER_UNITS_ADJUST_COMBAT_DIFFICULTY',	'MEDIEVAL_TO_MODERN_AND_DEITY'),
		('DEITY_ERA_2',			'MODIFIER_PLAYER_UNITS_ADJUST_COMBAT_DIFFICULTY',	'ATOMIC_AND_DEITY');

INSERT INTO ModifierArguments 
		(ModifierId,		Name,		Type,								Value,	Extra) 
VALUES	('IMMORTAL_ERA_1',	'Amount',	'LinearScaleFromDefaultHandicap',	'1',	'0'),
		('DEITY_ERA_1',		'Amount',	'LinearScaleFromDefaultHandicap',	'1',	'0'),
		('DEITY_ERA_2',		'Amount',	'LinearScaleFromDefaultHandicap',	'2',	'0');

-- strings for new combat
INSERT INTO ModifierStrings 
		(ModifierId,		Context,	Text) 
VALUES	('IMMORTAL_ERA_1',	'Preview',	'LOC_IMMORTAL_ERA_1'),
		('DEITY_ERA_1',		'Preview',	'LOC_DEITY_ERA_1'),
		('DEITY_ERA_2',		'Preview',	'LOC_DEITY_ERA_2');

-- New Requirements
INSERT INTO RequirementSets 
		(RequirementSetId,						RequirementSetType) 
VALUES	('HIGH_DIFFICULTY_COMBAT_SCALING',		'REQUIREMENTSET_TEST_ALL'),
		('ATOMIC_AND_IMMORTAL_ONLY',			'REQUIREMENTSET_TEST_ALL'),
		('MEDIEVAL_TO_MODERN_AND_DEITY',		'REQUIREMENTSET_TEST_ALL'),
		('ATOMIC_AND_DEITY',					'REQUIREMENTSET_TEST_ALL');
	
INSERT INTO RequirementSetRequirements 
		(RequirementSetId,					RequirementId) 
VALUES	('HIGH_DIFFICULTY_COMBAT_SCALING',	'REQUIRES_PLAYER_IS_AI'),
		('HIGH_DIFFICULTY_COMBAT_SCALING',	'REQUIRES_HIGH_DIFFICULTY'),
	
		('ATOMIC_AND_IMMORTAL_ONLY',		'REQUIRES_PLAYER_IS_AI'),
		('ATOMIC_AND_IMMORTAL_ONLY',		'GAME_AT_ATOMIC_ERA'),
		('ATOMIC_AND_IMMORTAL_ONLY',		'REQUIRES_IMMORTAL'),

		('MEDIEVAL_TO_MODERN_AND_DEITY',	'REQUIRES_PLAYER_IS_AI'),
		('MEDIEVAL_TO_MODERN_AND_DEITY',	'GAME_AT_MEDIEVAL_ERA'),
		('MEDIEVAL_TO_MODERN_AND_DEITY',	'GAME_NOT_AT_ATOMIC_ERA'),
		('MEDIEVAL_TO_MODERN_AND_DEITY',	'REQUIRES_DEITY'),
		('ATOMIC_AND_DEITY',				'REQUIRES_PLAYER_IS_AI'),
		('ATOMIC_AND_DEITY',				'GAME_AT_ATOMIC_ERA'),
		('ATOMIC_AND_DEITY',				'REQUIRES_DEITY');

-- BARB MOD ------------------------
-- add to players
INSERT INTO TraitModifiers 
		(TraitType,					ModifierId) 
VALUES	('TRAIT_LEADER_MAJOR_CIV',	'KING_BARB_MOD'),
		('TRAIT_LEADER_MAJOR_CIV',	'EMPEROR_BARB_MOD'),
		('TRAIT_LEADER_MAJOR_CIV',	'IMMORTAL_BARB_MOD'),
		('TRAIT_LEADER_MAJOR_CIV',	'DEITY_BARB_MOD');

INSERT INTO Modifiers 
		(ModifierId,			ModifierType,										OwnerRequirementSetId)
VALUES	('KING_BARB_MOD',		'MODIFIER_PLAYER_UNITS_ADJUST_BARBARIAN_COMBAT',	'KING_DIFFICULTY'),
		('EMPEROR_BARB_MOD',	'MODIFIER_PLAYER_UNITS_ADJUST_BARBARIAN_COMBAT',	'EMPEROR_DIFFICULTY'),
		('IMMORTAL_BARB_MOD',	'MODIFIER_PLAYER_UNITS_ADJUST_BARBARIAN_COMBAT',	'IMMORTAL_DIFFICULTY'),
		('DEITY_BARB_MOD',		'MODIFIER_PLAYER_UNITS_ADJUST_BARBARIAN_COMBAT',	'DEITY_DIFFICULTY');
	
-- each difficulty past prince adds +1 combat vs barbs. this stacks with their difficulty bonus
INSERT INTO ModifierArguments 
		(ModifierId,				Name,		Value) 
VALUES	('KING_BARB_MOD',			'Amount',	'1'),
		('EMPEROR_BARB_MOD',		'Amount',	'1'),
		('IMMORTAL_BARB_MOD',		'Amount',	'1'),
		('DEITY_BARB_MOD',			'Amount',	'1');
	
--Requirement Sets
INSERT INTO RequirementSets 
		(RequirementSetId,			RequirementSetType) 
VALUES	('KING_DIFFICULTY',			'REQUIREMENTSET_TEST_ALL'),
		('EMPEROR_DIFFICULTY',		'REQUIREMENTSET_TEST_ALL'),
		('IMMORTAL_DIFFICULTY',		'REQUIREMENTSET_TEST_ALL'),
		('DEITY_DIFFICULTY',		'REQUIREMENTSET_TEST_ALL');
		
INSERT INTO RequirementSetRequirements 
		(RequirementSetId,			RequirementId) 
VALUES	('KING_DIFFICULTY',			'REQUIRES_KING'),
		('KING_DIFFICULTY',			'REQUIRES_PLAYER_IS_AI'),
		('EMPEROR_DIFFICULTY',		'REQUIRES_EMPEROR'),
		('EMPEROR_DIFFICULTY',		'REQUIRES_PLAYER_IS_AI'),
		('IMMORTAL_DIFFICULTY',		'REQUIRES_IMMORTAL'),
		('IMMORTAL_DIFFICULTY',		'REQUIRES_PLAYER_IS_AI'),
		('DEITY_DIFFICULTY',		'REQUIRES_DEITY'),
		('DEITY_DIFFICULTY',		'REQUIRES_PLAYER_IS_AI');
