-- LowDifficultPlayer
-- Author: Gabriel2
-- DateCreated: 6/30/2020 5:06:26 PM
--------------------------------------------------------------

--Makes Warlord Difficulty count as low difficulty. Stolen from DoomTurtle's 'Persistent Difficulty'
UPDATE	RequirementArguments 
SET		Value='DIFFICULTY_PRINCE' 
WHERE	RequirementId='REQUIRES_LOW_DIFFICULTY'; 

INSERT INTO		Modifiers 
		('ModifierId',							'ModifierType',											'OwnerRequirementSetId')
VALUES  ('LOW_DIFFICULTY_SCIENCE_SCALING',		'MODIFIER_PLAYER_CITIES_ADJUST_CITY_YIELD_MODIFIER',	'PLAYER_IS_LOW_DIFFICULTY_HUMAN'),
		('LOW_DIFFICULTY_CULTURE_SCALING',		'MODIFIER_PLAYER_CITIES_ADJUST_CITY_YIELD_MODIFIER',	'PLAYER_IS_LOW_DIFFICULTY_HUMAN'),
		('LOW_DIFFICULTY_FAITH_SCALING',		'MODIFIER_PLAYER_CITIES_ADJUST_CITY_YIELD_MODIFIER',	'PLAYER_IS_LOW_DIFFICULTY_HUMAN'),
		('LOW_DIFFICULTY_GOLD_SCALING',			'MODIFIER_PLAYER_CITIES_ADJUST_CITY_YIELD_MODIFIER',	'PLAYER_IS_LOW_DIFFICULTY_HUMAN'),
		('LOW_DIFFICULTY_PRODUCTION_SCALING',	'MODIFIER_PLAYER_CITIES_ADJUST_CITY_YIELD_MODIFIER',	'PLAYER_IS_LOW_DIFFICULTY_HUMAN'),
		('LOW_DIFFICULTY_FOOD_SCALING',			'MODIFIER_PLAYER_CITIES_ADJUST_CITY_YIELD_MODIFIER',	'PLAYER_IS_LOW_DIFFICULTY_HUMAN');

INSERT INTO	ModifierArguments 
		('ModifierId',							'Name',			'Type',								'Value',			'Extra',	'SecondExtra')
VALUES	('LOW_DIFFICULTY_SCIENCE_SCALING',		'Amount',		'LinearScaleFromDefaultHandicap',	0,					-8,			'DIFFICULTY_PRINCE'),
		('LOW_DIFFICULTY_SCIENCE_SCALING',		'YieldType',	'ARGTYPE_IDENTITY',					'YIELD_SCIENCE',	null,		null),
		('LOW_DIFFICULTY_CULTURE_SCALING',		'Amount',		'LinearScaleFromDefaultHandicap',	0,					-8,			'DIFFICULTY_PRINCE'),
		('LOW_DIFFICULTY_CULTURE_SCALING',		'YieldType',	'ARGTYPE_IDENTITY',					'YIELD_CULTURE',	null,		null),
		('LOW_DIFFICULTY_FAITH_SCALING',		'Amount',		'LinearScaleFromDefaultHandicap',	0,					-8,			'DIFFICULTY_PRINCE'),
		('LOW_DIFFICULTY_FAITH_SCALING',		'YieldType',	'ARGTYPE_IDENTITY',					'YIELD_FAITH',		null,		null),
		('LOW_DIFFICULTY_GOLD_SCALING',			'Amount',		'LinearScaleFromDefaultHandicap',	0,					-20,		'DIFFICULTY_PRINCE'),
		('LOW_DIFFICULTY_GOLD_SCALING',			'YieldType',	'ARGTYPE_IDENTITY',					'YIELD_GOLD',		null,		null),
		('LOW_DIFFICULTY_PRODUCTION_SCALING',	'Amount',		'LinearScaleFromDefaultHandicap',	0,					-20,		'DIFFICULTY_PRINCE'),
		('LOW_DIFFICULTY_PRODUCTION_SCALING',	'YieldType',	'ARGTYPE_IDENTITY',					'YIELD_PRODUCTION',	null,		null),
		('LOW_DIFFICULTY_FOOD_SCALING',			'Amount',		'LinearScaleFromDefaultHandicap',	0,					-5,			'DIFFICULTY_PRINCE'),
		('LOW_DIFFICULTY_FOOD_SCALING',			'YieldType',	'ARGTYPE_IDENTITY',					'YIELD_FOOD',		null,		null);

INSERT INTO	TraitModifiers 
VALUES 
		('TRAIT_LEADER_MAJOR_CIV', 'LOW_DIFFICULTY_SCIENCE_SCALING'),
		('TRAIT_LEADER_MAJOR_CIV', 'LOW_DIFFICULTY_CULTURE_SCALING'),
		('TRAIT_LEADER_MAJOR_CIV', 'LOW_DIFFICULTY_FAITH_SCALING'),
		('TRAIT_LEADER_MAJOR_CIV', 'LOW_DIFFICULTY_GOLD_SCALING'),
		('TRAIT_LEADER_MAJOR_CIV', 'LOW_DIFFICULTY_PRODUCTION_SCALING'),
		('TRAIT_LEADER_MAJOR_CIV', 'LOW_DIFFICULTY_FOOD_SCALING');
